0, 186.215850, 194, 625
0, 464.756568, 275, 627
0, 109.127928, 1177, 904
0, 192.705345, 567, 509
0, 504.534043, 164, 622
0, 395.502820, 551, 805
0, 540.914293, 700, 261
0, 544.672647, 1147, 275
0, 963.558715, 849, 672
0, 1573.286359, 239, 621
0, 2547.697064, 427, 468
1, 67.940027, 275, 832
1, 277.153808, 1249, 894
1, 145.541585, 779, 604
1, 581.957085, 677, 649
1, 347.545230, 417, 205
1, 722.753178, 1187, 292
1, 1027.002975, 921, 543
1, 1773.158923, 349, 490
1, 2454.172338, 351, 776
2, 0.000000, 113, 607
2, 392.673680, 355, 615
2, 490.068473, 1115, 767
2, 333.463275, 695, 383
2, 234.580758, 278, 723
2, 310.591095, 356, 615
2, 553.334243, 579, 271
2, 947.146467, 1257, 208
2, 952.397953, 899, 653
2, 1655.449557, 125, 622
2, 2416.602148, 324, 722
3, 108.796582, 171, 676
3, 342.972012, 419, 512
3, 220.975881, 1157, 741
3, 303.499659, 1000, 409
3, 582.421771, 61, 905
3, 399.832328, 411, 676
3, 426.386828, 708, 662
3, 545.733576, 1259, 205
3, 639.922798, 582, 586
3, 1628.946271, 112, 492
3, 2403.273195, 183, 549
4, 140.289388, 332, 578
4, 106.209044, 298, 590
4, 277.066539, 1128, 960
4, 412.888428, 702, 538
4, 196.744426, 322, 960
4, 429.963045, 398, 378
4, 577.031561, 424, 380
4, 601.595848, 955, 171
4, 967.662356, 870, 587
4, 1687.815032, 216, 378
5, 106.369105, 76, 579
5, 209.352291, 340, 691
5, 337.401121, 1142, 766
5, 337.107152, 853, 405
5, 451.724399, 0, 670
5, 630.678692, 589, 537
5, 590.706458, 689, 460
5, 780.355376, 983, 451
5, 813.804101, 1108, 739
5, 1684.965047, 25, 489
5, 2514.961172, 278, 557
6, 32.189157, 319, 689
6, 302.956939, 398, 518
6, 353.685812, 976, 926
6, 366.028763, 416, 828
6, 513.149048, 196, 764
6, 578.631327, 430, 689
6, 179.877632, 455, 753
6, 802.403366, 1119, 348
6, 792.783739, 863, 573
6, 1423.600983, 326, 426
6, 2400.400165, 336, 550
7, 55.130583, 0, 713
7, 0.000000, 423, 619
7, 266.573130, 963, 827
7, 479.771296, 734, 757
7, 480.236139, 0, 836
7, 414.822982, 481, 560
7, 476.716277, 597, 505
7, 474.228753, 1197, 598
7, 878.140749, 1018, 447
7, 1771.210454, 220, 418
7, 2506.060589, 257, 645
8, 0.000000, 253, 634
8, 260.232091, 0, 594
8, 298.010463, 1026, 820
8, 358.928671, 854, 960
8, 485.262470, 124, 857
8, 590.135183, 578, 520
8, 692.283458, 1054, 551
8, 805.972066, 898, 545
8, 1756.958643, 369, 654
8, 2330.342691, 368, 611
9, 24.719012, 230, 609
9, 130.180359, 99, 406
9, 0.000000, 931, 865
9, 240.499627, 827, 577
9, 393.114714, 170, 659
9, 642.289904, 531, 630
9, 542.157416, 651, 412
9, 487.591458, 1202, 467
9, 858.110290, 990, 402
9, 1885.461455, 99, 603
9, 2596.354795, 268, 494
9, 2473.169831, 385, 417
10, 56.307592, 274, 649
10, 57.159747, 152, 604
10, 386.419747, 1061, 826
10, 275.703209, 810, 614
10, 308.298368, 192, 609
10, 566.623645, 366, 542
10, 531.588927, 882, 214
10, 835.640639, 869, 328
10, 1055.970829, 930, 618
10, 1619.737314, 246, 687
10, 2492.884882, 626, 545
11, 126.515062, 273, 557
11, 39.858477, 56, 456
11, 329.975312, 995, 712
11, 344.452733, 855, 656
11, 369.628785, 319, 516
11, 734.042258, 570, 511
11, 549.090998, 551, 187
11, 656.367740, 984, 420
11, 820.651560, 940, 508
11, 1949.168928, 222, 518
11, 2388.702527, 187, 649
12, 0.000000, 72, 635
12, 25.624591, 248, 561
12, 355.978650, 1098, 871
12, 402.481124, 458, 764
12, 456.050744, 273, 731
12, 607.339485, 258, 499
12, 523.617607, 310, 401
12, 695.951910, 1280, 150
12, 571.040458, 942, 446
12, 1449.582010, 118, 401
12, 2660.128051, 504, 515
13, 153.028228, 467, 521
13, 208.286561, 288, 677
13, 273.634547, 1165, 774
13, 371.053914, 794, 724
13, 474.693295, 296, 587
13, 125.530710, 538, 890
13, 649.067859, 421, 375
13, 653.515701, 1169, 388
13, 583.528150, 834, 661
13, 1365.990754, 288, 244
13, 2171.826837, 318, 664
14, 67.071655, 406, 637
14, 167.256823, 322, 600
14, 302.119012, 1268, 751
14, 129.337419, 749, 478
14, 424.665491, 197, 613
14, 450.193652, 324, 800
14, 619.559417, 575, 337
14, 457.118143, 1115, 150
14, 754.232372, 794, 478
14, 1599.041369, 213, 418
14, 2432.410639, 234, 562
15, 51.271371, 379, 619
15, 351.111060, 235, 695
15, 131.394513, 1065, 779
15, 178.721772, 937, 853
15, 531.541399, 65, 734
15, 554.681789, 416, 607
15, 214.229568, 742, 558
15, 649.448762, 1012, 313
15, 598.229442, 1127, 391
15, 1659.206968, 373, 681
15, 2113.338816, 295, 841
16, 111.218884, 332, 665
16, 214.319660, 246, 635
16, 559.936757, 990, 706
16, 569.821000, 910, 767
16, 190.822699, 19, 860
16, 335.232039, 226, 440
16, 421.967835, 650, 448
16, 626.426793, 1033, 256
16, 787.386440, 841, 741
16, 1765.844673, 503, 408
16, 2518.433936, 182, 639
17, 132.743399, 249, 757
17, 122.765844, 220, 560
17, 290.507228, 1078, 960
17, 353.088683, 949, 817
17, 302.034224, 327, 469
17, 432.884778, 417, 474
17, 413.965781, 861, 325
17, 258.056411, 845, 411
17, 610.138981, 885, 151
17, 1128.677070, 1040, 595
17, 1922.948284, 337, 597
17, 2182.546580, 305, 394
18, 0.000000, 401, 623
18, 84.161182, 475, 491
18, 225.223756, 819, 923
18, 364.630291, 538, 697
18, 426.537376, 203, 834
18, 516.400786, 543, 388
18, 664.516132, 456, 513
18, 670.011373, 882, 219
18, 712.616936, 722, 623
18, 1820.959735, 128, 584
18, 2438.409163, 90, 669
19, 91.382916, 395, 471
19, 106.596125, 451, 718
19, 242.897691, 1073, 960
19, 128.283849, 861, 715
19, 280.889625, 57, 685
19, 555.465404, 349, 676
19, 578.242726, 594, 295
19, 580.807051, 1042, 549
19, 1020.344788, 862, 376
19, 1451.787148, 132, 684
19, 2252.880596, 200, 444
20, 58.712070, 400, 641
20, 120.453807, 0, 587
20, 297.732261, 1165, 693
20, 326.365887, 798, 701
20, 335.072743, 156, 548
20, 600.227368, 272, 839
20, 707.571176, 575, 272
20, 360.842407, 1238, 476
20, 820.733562, 1104, 526
20, 1731.587872, 369, 590
20, 2579.320874, 82, 581
21, 119.219158, 225, 609
21, 372.571485, 181, 599
21, 284.133667, 1063, 793
21, 326.947003, 868, 783
21, 310.072241, 281, 654
21, 326.283315, 224, 466
21, 426.537451, 564, 590
21, 773.896661, 1207, 334
21, 796.360165, 576, 799
21, 1786.130522, 470, 531
21, 2526.040775, 290, 513
22, 231.520457, 296, 885
22, 114.042543, 322, 575
22, 87.898217, 970, 846
22, 413.779715, 648, 715
22, 542.510068, 113, 705
22, 483.046957, 404, 907
22, 582.230703, 725, 455
22, 659.655647, 1118, 355
22, 832.923091, 769, 601
22, 1604.843369, 33, 311
22, 2486.291854, 217, 607
23, 0.000000, 112, 685
23, 306.320749, 331, 605
23, 442.955793, 496, 565
23, 165.234588, 1177, 846
23, 158.468884, 751, 790
23, 549.122465, 106, 665
23, 384.567152, 618, 600
23, 536.490618, 460, 525
23, 824.789179, 1092, 413
23, 804.535059, 484, 583
23, 1818.935790, 0, 413
23, 2503.707756, 409, 650
24, 0.000000, 403, 399
24, 208.594234, 318, 621
24, 408.966799, 1192, 787
24, 229.368968, 848, 737
24, 226.081437, 44, 480
24, 538.361438, 549, 711
24, 468.526504, 826, 348
24, 568.167567, 1119, 617
24, 783.153477, 604, 420
24, 1393.651530, 383, 549
24, 2383.285442, 138, 592
25, 0.000000, 415, 654
25, 162.356690, 188, 708
25, 638.560167, 975, 664
25, 277.679189, 733, 473
25, 718.422777, 96, 804
25, 444.796984, 546, 756
25, 632.349826, 676, 540
25, 451.303596, 928, 298
25, 638.425922, 767, 241
25, 881.357377, 931, 405
25, 2409.016219, 46, 730
26, 245.365919, 285, 682
26, 141.437143, 213, 551
26, 427.899846, 1021, 960
26, 225.618301, 800, 579
26, 436.043082, 338, 643
26, 425.993857, 339, 577
26, 882.966681, 610, 458
26, 783.206321, 1071, 0
26, 641.134013, 610, 465
26, 1750.464022, 33, 563
26, 2273.658541, 285, 608
27, 66.660845, 395, 643
27, 109.072416, 319, 845
27, 340.753031, 1002, 947
27, 0.000000, 571, 568
27, 323.930828, 193, 732
27, 386.333324, 434, 822
27, 668.385312, 525, 626
27, 410.378859, 963, 454
27, 946.814109, 935, 475
27, 1647.348319, 0, 663
27, 2512.045405, 135, 686
28, 0.000000, 242, 689
28, 54.118175, 426, 658
28, 439.538168, 1029, 697
28, 335.981191, 864, 476
28, 483.353558, 134, 960
28, 432.160021, 324, 529
28, 519.406178, 648, 442
28, 695.666964, 952, 489
28, 1043.535265, 727, 634
28, 1689.663268, 254, 536
28, 2376.443616, 156, 806
29, 331.262912, 446, 430
29, 410.150138, 251, 729
29, 334.911980, 1108, 749
29, 390.281117, 513, 515
29, 588.998531, 0, 853
29, 523.633132, 398, 520
29, 422.005122, 451, 445
29, 593.478212, 844, 281
29, 726.942844, 899, 734
29, 1016.998026, 1044, 858
29, 1691.402175, 185, 492
29, 2644.803195, 299, 702
30, 0.000000, 284, 794
30, 193.713817, 0, 618
30, 98.824623, 942, 960
30, 126.845723, 739, 840
30, 235.011439, 0, 882
30, 556.492286, 372, 266
30, 701.454527, 717, 297
30, 781.610293, 955, 272
30, 1712.348398, 374, 510
30, 2558.771479, 233, 898
31, 0.000000, 268, 721
31, 214.102699, 82, 828
31, 283.076441, 1074, 822
31, 314.117107, 783, 769
31, 552.427768, 121, 586
31, 557.889459, 493, 666
31, 539.801581, 640, 371
31, 598.767936, 1280, 263
31, 796.428830, 773, 753
31, 1705.501151, 316, 567
31, 2379.880542, 351, 799
32, 26.704988, 289, 658
32, 251.106898, 406, 801
32, 189.304437, 924, 729
32, 132.807828, 739, 895
32, 444.437928, 17, 960
32, 353.689343, 466, 600
32, 615.690144, 962, 394
32, 994.520973, 968, 609
32, 1725.452708, 398, 387
32, 2376.132539, 244, 464
33, 133.563348, 224, 833
33, 332.156426, 341, 495
33, 409.445368, 1188, 809
33, 443.599739, 700, 594
33, 568.923899, 204, 570
33, 475.930709, 443, 458
33, 726.713576, 794, 606
33, 458.747904, 1214, 205
33, 983.723688, 780, 767
33, 1739.406825, 225, 467
33, 2347.538353, 344, 763
34, 130.729770, 460, 814
34, 276.524890, 173, 649
34, 94.224246, 1128, 787
34, 556.754442, 664, 928
34, 301.218952, 0, 809
34, 425.293242, 381, 531
34, 374.293987, 566, 408
34, 724.574985, 1072, 599
34, 786.840963, 814, 608
34, 1438.223652, 230, 438
34, 2478.311459, 386, 684
35, 1.912478, 470, 530
35, 295.813521, 154, 506
35, 265.736747, 1075, 742
35, 307.504798, 784, 892
35, 303.524266, 117, 809
35, 579.277639, 245, 800
35, 627.965585, 495, 278
35, 741.625905, 1079, 159
35, 449.464432, 876, 747
35, 1656.810800, 335, 531
35, 2500.658252, 260, 653
36, 237.020087, 546, 734
36, 228.556454, 1218, 587
36, 164.279245, 658, 748
36, 309.924821, 280, 878
36, 645.146143, 626, 610
36, 800.577009, 986, 333
36, 856.103266, 1019, 641
36, 1735.103857, 372, 579
36, 2496.125173, 382, 268
37, 190.367112, 313, 537
37, 76.676809, 87, 749
37, 507.527530, 1138, 759
37, 107.849825, 647, 535
37, 443.672233, 158, 700
37, 462.374368, 341, 678
37, 728.974266, 882, 525
37, 644.659003, 1255, 366
37, 1741.940545, 442, 369
37, 2587.350349, 353, 567
38, 0.000000, 279, 538
38, 187.842697, 83, 746
38, 23.625213, 1183, 786
38, 373.367379, 777, 918
38, 285.385660, 218, 566
38, 497.332083, 445, 745
38, 528.158364, 741, 425
38, 521.013387, 901, 331
38, 915.947672, 711, 540
38, 1489.254147, 383, 700
38, 2406.091822, 433, 613
39, 25.471949, 296, 504
39, 368.260833, 364, 543
39, 342.938603, 914, 693
39, 409.722231, 981, 587
39, 499.236058, 48, 760
39, 545.346822, 537, 572
39, 425.226224, 730, 383
39, 616.955552, 1186, 385
39, 1051.253943, 733, 723
39, 1535.808277, 529, 287
39, 2356.129019, 320, 590
40, 0.000000, 329, 529
40, 260.388570, 239, 505
40, 246.462367, 1058, 710
40, 315.759715, 820, 937
40, 416.577239, 233, 836
40, 382.472089, 332, 689
40, 576.519919, 753, 373
40, 687.710353, 1159, 467
40, 687.554848, 893, 643
40, 1605.711770, 280, 396
40, 2365.370688, 205, 573
41, 95.834505, 344, 437
41, 183.372663, 438, 695
41, 179.976914, 1280, 764
41, 276.361753, 521, 923
41, 365.206473, 94, 907
41, 604.005113, 441, 602
41, 676.509303, 894, 479
41, 837.351847, 866, 435
41, 879.462418, 966, 621
41, 1718.277945, 402, 524
41, 2667.442216, 0, 668
42, 212.543650, 343, 575
42, 176.490507, 193, 766
42, 330.828969, 963, 960
42, 292.309164, 521, 766
42, 297.693100, 0, 881
42, 168.600589, 485, 566
42, 678.570956, 787, 412
42, 869.694830, 1227, 319
42, 795.826990, 1280, 260
42, 731.603452, 877, 630
42, 1555.122117, 30, 735
42, 2393.469237, 300, 412
43, 33.378100, 285, 338
43, 201.761486, 141, 785
43, 326.538583, 1030, 960
43, 278.857175, 722, 788
43, 325.095968, 102, 777
43, 482.381767, 289, 554
43, 345.516624, 705, 521
43, 583.843482, 1083, 721
43, 340.814976, 1223, 575
43, 713.536160, 748, 658
43, 1788.008771, 38, 550
43, 2686.906109, 261, 603
44, 215.694824, 308, 561
44, 307.783195, 295, 490
44, 0.000000, 248, 326
44, 315.210611, 837, 682
44, 464.895699, 1135, 724
44, 549.726818, 30, 875
44, 557.122354, 663, 536
44, 509.788303, 861, 88
44, 808.319040, 1048, 294
44, 1673.941016, 308, 415
44, 2596.483680, 343, 536
45, 5.285622, 499, 459
45, 13.457212, 290, 565
45, 411.207277, 1181, 755
45, 216.511338, 686, 644
45, 545.210881, 131, 826
45, 621.006227, 520, 773
45, 464.868475, 642, 486
45, 832.148799, 1190, 531
45, 851.460408, 861, 544
45, 1465.272063, 172, 431
45, 2248.740247, 377, 598
46, 101.903507, 339, 844
46, 262.067702, 410, 777
46, 280.029453, 982, 635
46, 326.080858, 725, 550
46, 537.471267, 178, 960
46, 633.368816, 365, 569
46, 569.691013, 852, 266
46, 639.255676, 1179, 227
46, 928.292453, 757, 311
46, 1734.841891, 286, 502
46, 2606.125909, 445, 594
47, 79.899952, 268, 596
47, 116.425837, 298, 385
47, 134.572034, 1121, 960
47, 395.363126, 560, 793
47, 529.908148, 134, 816
47, 591.803585, 565, 756
47, 576.876430, 715, 472
47, 569.551302, 1047, 222
47, 951.364827, 1038, 477
47, 1733.365539, 326, 620
47, 2625.939690, 433, 729
48, 122.875604, 279, 863
48, 231.720056, 272, 757
48, 125.352461, 1000, 786
48, 150.018989, 714, 652
48, 297.009388, 92, 853
48, 587.030053, 355, 326
48, 646.162574, 692, 301
48, 695.676261, 976, 507
48, 840.508278, 819, 696
48, 1656.676518, 240, 570
48, 2583.064167, 113, 498
49, 106.166824, 335, 528
49, 457.492382, 266, 612
49, 141.432203, 1019, 721
49, 476.842206, 777, 688
49, 251.721864, 374, 669
49, 385.240921, 517, 632
49, 719.137734, 528, 270
49, 586.276011, 1142, 361
49, 1017.306601, 830, 660
49, 1749.889625, 219, 549
49, 2519.733558, 601, 641
50, 294.261539, 832, 624
50, 145.695554, 279, 87
50, 140.282702, 267, 743
50, 189.603162, 1097, 745
50, 64.818013, 1097, 524
50, 324.331873, 333, 605
50, 605.552862, 606, 0
50, 701.491358, 1039, 809
50, 766.342399, 502, 192
50, 805.103664, 927, 960
50, 902.713949, 1254, 844
51, 149.084960, 886, 478
51, 255.710426, 180, 176
51, 124.180332, 287, 652
51, 151.240857, 877, 895
51, 147.411793, 1088, 438
51, 508.344814, 5, 638
51, 510.985832, 1046, 235
51, 620.857665, 545, 123
51, 1003.500274, 1003, 896
51, 1071.334850, 1280, 960
52, 31.931961, 360, 0
52, 0.000000, 90, 674
52, 289.201382, 781, 611
52, 107.039825, 936, 828
52, 0.000000, 829, 647
52, 0.000000, 0, 753
52, 474.055384, 905, 16
52, 446.478223, 1280, 680
52, 880.072054, 483, 284
52, 897.408143, 911, 853
52, 1060.317321, 1214, 739
53, 238.900241, 939, 797
53, 267.797940, 553, 271
53, 226.094429, 208, 704
53, 283.195922, 964, 790
53, 0.000000, 904, 681
53, 382.959994, 0, 369
53, 308.260087, 647, 51
53, 506.297047, 936, 642
53, 593.000569, 805, 153
53, 823.902619, 881, 960
53, 930.964753, 1280, 529
54, 207.709424, 916, 592
54, 61.968471, 284, 275
54, 118.142694, 248, 639
54, 112.102550, 1151, 826
54, 165.164359, 1109, 424
54, 427.532159, 131, 448
54, 498.860313, 885, 167
54, 549.714216, 655, 602
54, 746.636207, 446, 127
54, 1089.379796, 996, 790
54, 1032.848784, 1252, 617
55, 434.376242, 890, 658
55, 159.772614, 363, 129
55, 326.798944, 101, 745
55, 215.783417, 826, 579
55, 350.686105, 999, 774
55, 140.158428, 27, 301
55, 597.769466, 666, 0
55, 535.955036, 997, 960
55, 657.596530, 381, 410
55, 977.812719, 1253, 950
56, 64.653383, 706, 700
56, 476.605077, 165, 298
56, 137.009001, 127, 567
56, 350.570331, 823, 713
56, 485.430894, 895, 522
56, 516.518736, 182, 480
56, 582.334462, 940, 213
56, 630.021488, 1041, 925
56, 635.476791, 589, 476
56, 968.100889, 877, 960
56, 1058.534257, 842, 859
57, 236.330438, 780, 800
57, 59.513733, 273, 593
57, 31.566564, 203, 649
57, 485.167182, 858, 566
57, 547.424586, 234, 544
57, 699.738025, 981, 173
57, 452.820932, 1129, 674
57, 713.205893, 528, 209
57, 923.031473, 980, 840
57, 919.059651, 1018, 776
58, 65.863716, 811, 521
58, 128.697376, 245, 337
58, 247.955866, 124, 480
58, 241.718858, 724, 662
58, 333.116484, 927, 748
58, 232.526017, 90, 413
58, 376.889199, 873, 0
58, 671.539514, 828, 733
58, 710.088021, 457, 493
58, 667.245076, 993, 794
58, 1002.279696, 1116, 876
59, 12.709451, 818, 483
59, 46.513219, 812, 646
59, 240.781086, 465, 365
59, 139.135676, 335, 916
59, 354.332512, 1280, 742
59, 350.014615, 951, 692
59, 464.124788, 216, 578
59, 514.973753, 965, 32
59, 520.452676, 803, 851
59, 591.778355, 240, 114
59, 822.163145, 1040, 812
59, 631.877794, 1280, 879
59, 506.300611, 1280, 720
60, 25.739365, 908, 556
60, 0.000000, 136, 217
60, 142.834076, 290, 536
60, 58.287644, 777, 759
60, 424.802085, 1022, 434
60, 458.971804, 229, 415
60, 349.202281, 834, 233
60, 801.448455, 1069, 960
60, 719.015923, 321, 355
60, 838.319573, 1085, 959
60, 828.208257, 1272, 960
61, 4.053045, 747, 474
61, 177.525497, 373, 303
61, 128.931908, 238, 687
61, 267.133075, 933, 701
61, 409.870873, 1128, 448
61, 465.600871, 53, 631
61, 449.877565, 598, 177
61, 541.112633, 1017, 653
61, 511.004211, 593, 308
61, 813.454275, 833, 830
61, 1123.655462, 1280, 906
62, 180.682912, 770, 527
62, 137.309529, 304, 426
62, 342.996658, 178, 487
62, 100.585880, 882, 631
62, 539.031131, 1046, 607
62, 408.118192, 159, 491
62, 370.685820, 854, 209
62, 600.510831, 920, 640
62, 670.145022, 305, 444
62, 911.945129, 859, 960
62, 1097.181156, 1130, 540
62, 1330.796680, 1243, 767
63, 41.652401, 657, 585
63, 238.459912, 295, 210
63, 246.319112, 89, 772
63, 289.334118, 1047, 461
63, 378.976150, 378, 500
63, 328.374527, 953, 182
63, 547.460274, 987, 865
63, 443.855522, 469, 311
63, 582.995635, 774, 763
63, 1103.531508, 1280, 636
64, 142.182313, 847, 900
64, 93.453292, 455, 507
64, 205.346786, 235, 761
64, 239.141308, 962, 675
64, 375.495279, 981, 565
64, 379.666266, 82, 470
64, 371.896711, 973, 92
64, 415.766217, 793, 801
64, 626.915529, 430, 295
64, 588.398354, 965, 791
64, 1067.156901, 1022, 602
65, 204.945283, 967, 563
65, 182.908612, 313, 429
65, 256.212024, 406, 900
65, 1.091559, 1072, 657
65, 262.532446, 824, 521
65, 290.815172, 232, 398
65, 301.684180, 1092, 287
65, 192.250786, 1026, 721
65, 906.431401, 461, 461
65, 790.358010, 785, 960
65, 899.842588, 1208, 733
66, 43.177509, 532, 856
66, 78.313007, 476, 2
66, 162.086680, 474, 639
66, 303.786602, 553, 955
66, 214.183984, 1198, 596
66, 159.020424, 249, 197
66, 489.647786, 1098, 214
66, 612.413461, 956, 784
66, 584.247854, 315, 368
66, 866.235204, 932, 960
66, 1124.371308, 1242, 828
67, 193.479501, 778, 679
67, 290.319550, 506, 221
67, 253.412844, 272, 657
67, 282.163556, 831, 839
67, 468.219377, 1001, 576
67, 318.771310, 417, 88
67, 368.157242, 816, 81
67, 627.584055, 903, 767
67, 836.284855, 417, 0
67, 806.530633, 865, 928
67, 935.813665, 1117, 635
68, 232.073944, 729, 652
68, 273.604355, 0, 285
68, 192.597744, 304, 693
68, 286.110850, 1098, 661
68, 328.988078, 1237, 495
68, 509.618342, 311, 579
68, 589.772333, 830, 294
68, 816.734383, 1073, 741
68, 582.714756, 743, 352
68, 750.001782, 1028, 921
68, 1057.255391, 1155, 530
69, 319.747284, 513, 591
69, 288.987467, 113, 241
69, 349.610319, 816, 595
69, 510.311772, 1261, 716
69, 522.465408, 99, 575
69, 614.308723, 770, 105
69, 539.259373, 1017, 785
69, 686.864975, 614, 71
69, 1033.137347, 684, 960
69, 1136.491884, 1280, 557
70, 149.031875, 927, 620
70, 196.337200, 357, 258
70, 375.544621, 0, 630
70, 98.856702, 1087, 820
70, 367.931515, 862, 573
70, 329.753181, 227, 734
70, 464.270735, 901, 153
70, 645.945039, 943, 841
70, 518.909407, 646, 285
70, 907.029928, 875, 924
70, 995.798443, 1250, 397
71, 0.000000, 854, 916
71, 0.000000, 277, 192
71, 184.573817, 97, 508
71, 266.984054, 670, 838
71, 230.202765, 1122, 382
71, 29.558527, 0, 548
71, 377.125679, 856, 0
71, 552.822938, 1119, 368
71, 687.571884, 325, 193
71, 775.798396, 843, 862
71, 1001.270942, 1216, 765
72, 205.407226, 585, 516
72, 11.708827, 269, 175
72, 301.121031, 151, 698
72, 343.025721, 989, 542
72, 313.805414, 1086, 484
72, 337.824316, 888, 356
72, 519.374506, 822, 745
72, 767.093585, 312, 280
72, 725.301797, 988, 609
72, 983.571829, 1280, 824
73, 72.490429, 768, 743
73, 16.650691, 597, 468
73, 100.494239, 0, 632
73, 53.630300, 965, 654
73, 321.191352, 1125, 716
73, 598.211380, 300, 402
73, 490.631667, 798, 205
73, 421.143615, 944, 908
73, 720.857903, 679, 35
73, 679.368849, 976, 874
73, 917.753675, 1230, 745
74, 339.215446, 916, 251
74, 0.000000, 424, 278
74, 72.702249, 472, 135
74, 418.958211, 349, 609
74, 208.381922, 935, 462
74, 515.496103, 1235, 780
74, 342.129202, 0, 883
74, 599.919629, 1038, 224
74, 383.543722, 1171, 952
74, 405.302688, 671, 89
74, 683.504061, 722, 859
74, 979.392834, 1166, 922
75, 47.899010, 440, 705
75, 94.132237, 375, 380
75, 274.320707, 231, 843
75, 361.649435, 977, 695
75, 453.502521, 637, 592
75, 431.484812, 143, 918
75, 487.256539, 696, 92
75, 418.740929, 1018, 960
75, 623.651782, 396, 303
75, 635.227598, 808, 617
75, 1042.727851, 1171, 684
76, 0.000000, 473, 653
76, 301.260546, 405, 234
76, 223.595312, 254, 532
76, 229.325699, 832, 789
76, 226.249873, 974, 789
76, 638.343148, 242, 468
76, 412.971573, 1053, 6
76, 656.656911, 699, 898
76, 954.938559, 644, 279
76, 763.166093, 818, 828
76, 961.080700, 1128, 960
77, 102.976755, 219, 169
77, 377.342363, 218, 626
77, 461.746871, 916, 634
77, 315.855874, 926, 633
77, 298.542508, 338, 372
77, 423.221991, 785, 12
77, 696.741814, 381, 284
77, 941.305033, 918, 693
77, 977.403936, 1202, 690
78, 360.280891, 803, 728
78, 150.796625, 0, 68
78, 332.912126, 183, 765
78, 303.442774, 752, 711
78, 188.753558, 1014, 724
78, 463.261218, 288, 412
78, 365.768138, 946, 0
78, 687.382610, 791, 625
78, 719.150473, 760, 266
78, 831.954306, 1078, 784
78, 1052.814300, 1242, 888
79, 54.406226, 893, 728
79, 0.000000, 195, 598
79, 200.331095, 198, 614
79, 321.862112, 215, 477
79, 343.974899, 871, 490
79, 151.970288, 1055, 698
79, 272.202192, 186, 417
79, 528.201796, 814, 133
79, 494.453407, 940, 460
79, 827.286320, 727, 31
79, 1084.808877, 931, 827
79, 1148.340204, 1193, 751
80, 12.896229, 697, 867
80, 86.003441, 340, 363
80, 426.503654, 163, 787
80, 272.967392, 823, 897
80, 242.545700, 1045, 534
80, 372.109057, 170, 340
80, 281.896823, 791, 148
80, 445.694704, 605, 941
80, 326.945232, 511, 294
80, 760.227944, 814, 872
80, 1125.345790, 1244, 693
81, 93.854727, 711, 573
81, 139.791077, 389, 0
81, 348.965286, 203, 898
81, 120.397864, 848, 844
81, 375.806515, 1087, 528
81, 395.912196, 106, 733
81, 302.656002, 1034, 0
81, 717.362212, 967, 869
81, 548.106865, 591, 316
81, 672.886519, 883, 952
81, 822.420335, 1234, 727
82, 13.486840, 847, 561
82, 358.724613, 93, 89
82, 284.892067, 255, 784
82, 229.729014, 777, 642
82, 409.366517, 955, 469
82, 324.419256, 93, 453
82, 289.173377, 236, 207
82, 215.519212, 760, 0
82, 568.816677, 996, 708
82, 814.909982, 571, 332
82, 1188.589971, 734, 695
82, 1100.531221, 1244, 440
83, 279.822283, 660, 624
83, 305.829291, 476, 146
83, 333.713023, 372, 422
83, 85.558296, 367, 960
83, 369.015447, 1033, 591
83, 573.709858, 965, 456
83, 273.271387, 230, 710
83, 155.475693, 406, 913
83, 666.934458, 1021, 215
83, 605.928163, 1130, 868
83, 530.177306, 382, 211
83, 1036.696632, 694, 765
83, 1036.349517, 1215, 746
84, 7.332139, 465, 266
84, 106.318691, 353, 229
84, 17.212897, 190, 509
84, 133.820368, 570, 506
84, 221.577744, 927, 710
84, 402.171980, 224, 468
84, 504.461778, 1044, 0
84, 307.380304, 972, 846
84, 900.447619, 622, 94
84, 869.347382, 825, 905
84, 936.975506, 1280, 746
85, 151.486683, 649, 614
85, 47.542656, 373, 204
85, 307.890355, 184, 690
85, 55.541690, 903, 829
85, 331.420794, 700, 960
85, 521.390193, 859, 602
85, 529.589936, 339, 622
85, 606.626212, 994, 51
85, 294.195197, 781, 826
85, 999.400232, 842, 809
85, 1080.972664, 1080, 614
86, 41.836695, 897, 508
86, 143.196727, 319, 443
86, 160.660123, 104, 946
86, 451.786071, 930, 675
86, 425.086536, 774, 356
86, 555.164196, 329, 557
86, 531.430897, 915, 68
86, 800.495539, 1070, 960
86, 776.293035, 541, 151
86, 763.519833, 915, 909
86, 1082.609266, 1165, 760
87, 163.858092, 742, 453
87, 172.794013, 258, 0
87, 263.428600, 350, 288
87, 221.621917, 971, 832
87, 285.245603, 1130, 316
87, 326.693072, 445, 522
87, 390.537043, 1116, 0
87, 681.343440, 784, 662
87, 829.618924, 397, 330
87, 667.799925, 625, 889
87, 878.200290, 1195, 701
88, 218.948113, 792, 668
88, 81.712132, 339, 376
88, 214.187679, 79, 830
88, 2.147634, 708, 709
88, 383.044353, 1030, 570
88, 239.864806, 131, 480
88, 508.886962, 891, 198
88, 663.427373, 1021, 661
88, 702.598082, 500, 204
88, 881.031648, 913, 546
88, 930.667533, 1280, 926
89, 266.668027, 734, 383
89, 355.266375, 208, 274
89, 298.163456, 326, 808
89, 83.903439, 861, 653
89, 55.372424, 1084, 733
89, 253.683527, 247, 672
89, 296.704272, 966, 384
89, 692.327251, 953, 735
89, 866.445133, 388, 247
89, 850.891812, 1016, 960
89, 900.422624, 1094, 757
90, 138.319727, 998, 960
90, 240.701304, 187, 238
90, 379.424929, 86, 771
90, 534.124376, 716, 573
90, 538.978711, 1221, 425
90, 260.267797, 74, 474
90, 354.634261, 798, 86
90, 598.608818, 985, 736
90, 454.163116, 495, 382
90, 759.868680, 807, 781
90, 1108.139748, 1280, 802
91, 182.049981, 869, 651
91, 220.197524, 137, 31
91, 166.512333, 203, 770
91, 328.011069, 985, 569
91, 189.351085, 1147, 381
91, 405.779143, 201, 383
91, 421.396748, 874, 170
91, 471.067048, 954, 872
91, 599.259573, 567, 469
91, 524.323664, 854, 960
91, 751.863876, 1020, 716
92, 5.145447, 755, 545
92, 353.988012, 281, 148
92, 190.157213, 0, 836
92, 372.545702, 822, 574
92, 402.441519, 903, 786
92, 43.249184, 22, 450
92, 286.522979, 1105, 93
92, 344.204713, 808, 681
92, 661.506567, 355, 619
92, 779.701098, 695, 899
92, 823.215003, 1280, 512
93, 124.827000, 779, 606
93, 205.405887, 524, 320
93, 0.000000, 310, 712
93, 398.127005, 977, 345
93, 568.158253, 81, 347
93, 558.892988, 1002, 116
93, 445.146493, 976, 738
93, 753.099680, 678, 294
93, 738.280039, 733, 960
93, 1075.870401, 1223, 741
94, 27.245043, 804, 744
94, 343.394507, 262, 303
94, 275.892682, 467, 960
94, 397.892541, 747, 660
94, 278.181929, 1170, 553
94, 386.625285, 0, 311
94, 379.552735, 858, 56
94, 528.130407, 834, 710
94, 587.238756, 194, 297
94, 748.792481, 966, 897
94, 1058.778147, 1280, 722
94, 1092.355444, 1280, 814
95, 345.472333, 701, 393
95, 366.822924, 356, 261
95, 248.294288, 137, 714
95, 221.572152, 1023, 650
95, 332.360739, 102, 833
95, 506.259739, 918, 219
95, 716.947957, 798, 689
95, 467.435623, 502, 246
95, 638.292514, 298, 0
95, 1281.846347, 1200, 768
96, 0.000000, 750, 488
96, 296.187767, 264, 272
96, 84.304267, 272, 663
96, 358.792217, 832, 632
96, 169.050326, 802, 557
96, 424.579038, 0, 717
96, 474.639167, 996, 102
96, 514.963225, 804, 659
96, 674.883745, 486, 410
96, 808.624731, 776, 596
96, 1093.658054, 1280, 704
97, 0.000000, 726, 801
97, 410.380882, 257, 0
97, 196.715510, 137, 585
97, 395.445427, 889, 745
97, 450.525254, 976, 304
97, 458.956990, 91, 607
97, 369.850916, 804, 59
97, 505.798039, 952, 757
97, 452.842866, 481, 170
97, 1294.914341, 621, 906
97, 888.960112, 1280, 826
98, 112.301531, 656, 486
98, 97.098273, 542, 216
98, 237.631107, 88, 553
98, 194.934629, 741, 791
98, 8.115350, 1015, 492
98, 327.689793, 299, 447
98, 408.835644, 1163, 217
98, 639.873014, 733, 731
98, 738.438451, 484, 286
98, 828.897920, 1003, 935
98, 988.777062, 1235, 784
99, 0.000000, 621, 551
99, 301.163546, 438, 183
99, 478.278013, 738, 533
99, 331.728928, 926, 695
99, 365.400576, 294, 441
99, 479.108328, 927, 0
99, 373.167167, 942, 720
99, 598.881389, 390, 260
99, 817.446463, 811, 746
99, 1298.740639, 1004, 652
